{"cameraMode":{"drawMode":0,"name":"Shaded","section":"Shading Mode"},"sceneLighting":true,"audioPlay":false,"sceneViewState":{"showFog":true,"showMaterialUpdate":false,"showSkybox":true,"showFlares":true,"showImageEffects":true,"showParticleSystems":true},"in2DMode":false,"pivot":{"x":3.6937808990478517,"y":-6.741368770599365,"z":-20.861526489257814},"rotation":{"x":0.00011779634951381013,"y":0.9997696280479431,"z":0.005688588600605726,"w":-0.020697329193353654},"size":175.8271026611328,"orthographic":false}