{"cameraMode":{"drawMode":0,"name":"Shaded","section":"Shading Mode"},"sceneLighting":true,"audioPlay":false,"sceneViewState":{"showFog":true,"showMaterialUpdate":true,"showSkybox":true,"showFlares":true,"showImageEffects":true,"showParticleSystems":true},"in2DMode":false,"pivot":{"x":-3.3943657875061037,"y":0.8500000834465027,"z":0.0},"rotation":{"x":0.1100911796092987,"y":0.700931966304779,"z":-0.11088620871305466,"w":0.6959013342857361},"size":46.358890533447269,"orthographic":true}